batchID,filepath
0,./batch_contents/batch_0.pkl
1,./batch_contents/batch_1.pkl
2,./batch_contents/batch_2.pkl
3,./batch_contents/batch_3.pkl
4,./batch_contents/batch_4.pkl
5,./batch_contents/batch_5.pkl
6,./batch_contents/batch_6.pkl
7,./batch_contents/batch_7.pkl
8,./batch_contents/batch_8.pkl
9,./batch_contents/batch_9.pkl
10,./batch_contents/batch_10.pkl
11,./batch_contents/batch_11.pkl
12,./batch_contents/batch_12.pkl
13,./batch_contents/batch_13.pkl
14,./batch_contents/batch_14.pkl
15,./batch_contents/batch_15.pkl
16,./batch_contents/batch_16.pkl
17,./batch_contents/batch_17.pkl
18,./batch_contents/batch_18.pkl
19,./batch_contents/batch_19.pkl
20,./batch_contents/batch_20.pkl
21,./batch_contents/batch_21.pkl
22,./batch_contents/batch_22.pkl
23,./batch_contents/batch_23.pkl
24,./batch_contents/batch_24.pkl
25,./batch_contents/batch_25.pkl
26,./batch_contents/batch_26.pkl
27,./batch_contents/batch_27.pkl
28,./batch_contents/batch_28.pkl
29,./batch_contents/batch_29.pkl
30,./batch_contents/batch_30.pkl
31,./batch_contents/batch_31.pkl
32,./batch_contents/batch_32.pkl
33,./batch_contents/batch_33.pkl
34,./batch_contents/batch_34.pkl
35,./batch_contents/batch_35.pkl
36,./batch_contents/batch_36.pkl
37,./batch_contents/batch_37.pkl
38,./batch_contents/batch_38.pkl
39,./batch_contents/batch_39.pkl
40,./batch_contents/batch_40.pkl
41,./batch_contents/batch_41.pkl
42,./batch_contents/batch_42.pkl
43,./batch_contents/batch_43.pkl
44,./batch_contents/batch_44.pkl
45,./batch_contents/batch_45.pkl
46,./batch_contents/batch_46.pkl
47,./batch_contents/batch_47.pkl
48,./batch_contents/batch_48.pkl
49,./batch_contents/batch_49.pkl
50,./batch_contents/batch_50.pkl
51,./batch_contents/batch_51.pkl
52,./batch_contents/batch_52.pkl
53,./batch_contents/batch_53.pkl
54,./batch_contents/batch_54.pkl
55,./batch_contents/batch_55.pkl
56,./batch_contents/batch_56.pkl
57,./batch_contents/batch_57.pkl
58,./batch_contents/batch_58.pkl
59,./batch_contents/batch_59.pkl
60,./batch_contents/batch_60.pkl
61,./batch_contents/batch_61.pkl
62,./batch_contents/batch_62.pkl
63,./batch_contents/batch_63.pkl
64,./batch_contents/batch_64.pkl
65,./batch_contents/batch_65.pkl
66,./batch_contents/batch_66.pkl
67,./batch_contents/batch_67.pkl
68,./batch_contents/batch_68.pkl
69,./batch_contents/batch_69.pkl
70,./batch_contents/batch_70.pkl
71,./batch_contents/batch_71.pkl
72,./batch_contents/batch_72.pkl
73,./batch_contents/batch_73.pkl
74,./batch_contents/batch_74.pkl
75,./batch_contents/batch_75.pkl
76,./batch_contents/batch_76.pkl
77,./batch_contents/batch_77.pkl
78,./batch_contents/batch_78.pkl
79,./batch_contents/batch_79.pkl
80,./batch_contents/batch_80.pkl
81,./batch_contents/batch_81.pkl
82,./batch_contents/batch_82.pkl
83,./batch_contents/batch_83.pkl
84,./batch_contents/batch_84.pkl
85,./batch_contents/batch_85.pkl
86,./batch_contents/batch_86.pkl
87,./batch_contents/batch_87.pkl
88,./batch_contents/batch_88.pkl
89,./batch_contents/batch_89.pkl
90,./batch_contents/batch_90.pkl
91,./batch_contents/batch_91.pkl
92,./batch_contents/batch_92.pkl
93,./batch_contents/batch_93.pkl
94,./batch_contents/batch_94.pkl
95,./batch_contents/batch_95.pkl
96,./batch_contents/batch_96.pkl
97,./batch_contents/batch_97.pkl
98,./batch_contents/batch_98.pkl
99,./batch_contents/batch_99.pkl
100,./batch_contents/batch_100.pkl
101,./batch_contents/batch_101.pkl
102,./batch_contents/batch_102.pkl
103,./batch_contents/batch_103.pkl
104,./batch_contents/batch_104.pkl
105,./batch_contents/batch_105.pkl
106,./batch_contents/batch_106.pkl
107,./batch_contents/batch_107.pkl
108,./batch_contents/batch_108.pkl
109,./batch_contents/batch_109.pkl
110,./batch_contents/batch_110.pkl
111,./batch_contents/batch_111.pkl
112,./batch_contents/batch_112.pkl
113,./batch_contents/batch_113.pkl
114,./batch_contents/batch_114.pkl
115,./batch_contents/batch_115.pkl
116,./batch_contents/batch_116.pkl
117,./batch_contents/batch_117.pkl
118,./batch_contents/batch_118.pkl
119,./batch_contents/batch_119.pkl
120,./batch_contents/batch_120.pkl
121,./batch_contents/batch_121.pkl
122,./batch_contents/batch_122.pkl
123,./batch_contents/batch_123.pkl
124,./batch_contents/batch_124.pkl
125,./batch_contents/batch_125.pkl
126,./batch_contents/batch_126.pkl
127,./batch_contents/batch_127.pkl
128,./batch_contents/batch_128.pkl
129,./batch_contents/batch_129.pkl
130,./batch_contents/batch_130.pkl
131,./batch_contents/batch_131.pkl
132,./batch_contents/batch_132.pkl
133,./batch_contents/batch_133.pkl
134,./batch_contents/batch_134.pkl
135,./batch_contents/batch_135.pkl
136,./batch_contents/batch_136.pkl
137,./batch_contents/batch_137.pkl
138,./batch_contents/batch_138.pkl
139,./batch_contents/batch_139.pkl
140,./batch_contents/batch_140.pkl
141,./batch_contents/batch_141.pkl
142,./batch_contents/batch_142.pkl
143,./batch_contents/batch_143.pkl
144,./batch_contents/batch_144.pkl
145,./batch_contents/batch_145.pkl
146,./batch_contents/batch_146.pkl
147,./batch_contents/batch_147.pkl
148,./batch_contents/batch_148.pkl
149,./batch_contents/batch_149.pkl
150,./batch_contents/batch_150.pkl
151,./batch_contents/batch_151.pkl
152,./batch_contents/batch_152.pkl
153,./batch_contents/batch_153.pkl
154,./batch_contents/batch_154.pkl
155,./batch_contents/batch_155.pkl
156,./batch_contents/batch_156.pkl
157,./batch_contents/batch_157.pkl
158,./batch_contents/batch_158.pkl
159,./batch_contents/batch_159.pkl
160,./batch_contents/batch_160.pkl
161,./batch_contents/batch_161.pkl
162,./batch_contents/batch_162.pkl
163,./batch_contents/batch_163.pkl
164,./batch_contents/batch_164.pkl
165,./batch_contents/batch_165.pkl
166,./batch_contents/batch_166.pkl
167,./batch_contents/batch_167.pkl
168,./batch_contents/batch_168.pkl
169,./batch_contents/batch_169.pkl
170,./batch_contents/batch_170.pkl
171,./batch_contents/batch_171.pkl
172,./batch_contents/batch_172.pkl
173,./batch_contents/batch_173.pkl
174,./batch_contents/batch_174.pkl
175,./batch_contents/batch_175.pkl
176,./batch_contents/batch_176.pkl
177,./batch_contents/batch_177.pkl
178,./batch_contents/batch_178.pkl
179,./batch_contents/batch_179.pkl
180,./batch_contents/batch_180.pkl
181,./batch_contents/batch_181.pkl
182,./batch_contents/batch_182.pkl
183,./batch_contents/batch_183.pkl
184,./batch_contents/batch_184.pkl
185,./batch_contents/batch_185.pkl
186,./batch_contents/batch_186.pkl
187,./batch_contents/batch_187.pkl
188,./batch_contents/batch_188.pkl
189,./batch_contents/batch_189.pkl
190,./batch_contents/batch_190.pkl
191,./batch_contents/batch_191.pkl
192,./batch_contents/batch_192.pkl
193,./batch_contents/batch_193.pkl
194,./batch_contents/batch_194.pkl
195,./batch_contents/batch_195.pkl
196,./batch_contents/batch_196.pkl
197,./batch_contents/batch_197.pkl
198,./batch_contents/batch_198.pkl
199,./batch_contents/batch_199.pkl
200,./batch_contents/batch_200.pkl
201,./batch_contents/batch_201.pkl
202,./batch_contents/batch_202.pkl
203,./batch_contents/batch_203.pkl
204,./batch_contents/batch_204.pkl
205,./batch_contents/batch_205.pkl
206,./batch_contents/batch_206.pkl
207,./batch_contents/batch_207.pkl
208,./batch_contents/batch_208.pkl
209,./batch_contents/batch_209.pkl
210,./batch_contents/batch_210.pkl
211,./batch_contents/batch_211.pkl
212,./batch_contents/batch_212.pkl
213,./batch_contents/batch_213.pkl
214,./batch_contents/batch_214.pkl
215,./batch_contents/batch_215.pkl
216,./batch_contents/batch_216.pkl
217,./batch_contents/batch_217.pkl
218,./batch_contents/batch_218.pkl
219,./batch_contents/batch_219.pkl
220,./batch_contents/batch_220.pkl
221,./batch_contents/batch_221.pkl
222,./batch_contents/batch_222.pkl
223,./batch_contents/batch_223.pkl
224,./batch_contents/batch_224.pkl
225,./batch_contents/batch_225.pkl
226,./batch_contents/batch_226.pkl
227,./batch_contents/batch_227.pkl
228,./batch_contents/batch_228.pkl
229,./batch_contents/batch_229.pkl
230,./batch_contents/batch_230.pkl
231,./batch_contents/batch_231.pkl
232,./batch_contents/batch_232.pkl
233,./batch_contents/batch_233.pkl
234,./batch_contents/batch_234.pkl
235,./batch_contents/batch_235.pkl
236,./batch_contents/batch_236.pkl
237,./batch_contents/batch_237.pkl
238,./batch_contents/batch_238.pkl
239,./batch_contents/batch_239.pkl
240,./batch_contents/batch_240.pkl
241,./batch_contents/batch_241.pkl
242,./batch_contents/batch_242.pkl
243,./batch_contents/batch_243.pkl
244,./batch_contents/batch_244.pkl
245,./batch_contents/batch_245.pkl
246,./batch_contents/batch_246.pkl
247,./batch_contents/batch_247.pkl
248,./batch_contents/batch_248.pkl
249,./batch_contents/batch_249.pkl
250,./batch_contents/batch_250.pkl
251,./batch_contents/batch_251.pkl
252,./batch_contents/batch_252.pkl
253,./batch_contents/batch_253.pkl
254,./batch_contents/batch_254.pkl
255,./batch_contents/batch_255.pkl
256,./batch_contents/batch_256.pkl
257,./batch_contents/batch_257.pkl
258,./batch_contents/batch_258.pkl
259,./batch_contents/batch_259.pkl
260,./batch_contents/batch_260.pkl
261,./batch_contents/batch_261.pkl
262,./batch_contents/batch_262.pkl
263,./batch_contents/batch_263.pkl
264,./batch_contents/batch_264.pkl
265,./batch_contents/batch_265.pkl
266,./batch_contents/batch_266.pkl
267,./batch_contents/batch_267.pkl
268,./batch_contents/batch_268.pkl
269,./batch_contents/batch_269.pkl
270,./batch_contents/batch_270.pkl
271,./batch_contents/batch_271.pkl
272,./batch_contents/batch_272.pkl
273,./batch_contents/batch_273.pkl
274,./batch_contents/batch_274.pkl
275,./batch_contents/batch_275.pkl
276,./batch_contents/batch_276.pkl
277,./batch_contents/batch_277.pkl
278,./batch_contents/batch_278.pkl
279,./batch_contents/batch_279.pkl
280,./batch_contents/batch_280.pkl
281,./batch_contents/batch_281.pkl
282,./batch_contents/batch_282.pkl
283,./batch_contents/batch_283.pkl
284,./batch_contents/batch_284.pkl
285,./batch_contents/batch_285.pkl
286,./batch_contents/batch_286.pkl
287,./batch_contents/batch_287.pkl
288,./batch_contents/batch_288.pkl
289,./batch_contents/batch_289.pkl
290,./batch_contents/batch_290.pkl
291,./batch_contents/batch_291.pkl
292,./batch_contents/batch_292.pkl
293,./batch_contents/batch_293.pkl
294,./batch_contents/batch_294.pkl
295,./batch_contents/batch_295.pkl
296,./batch_contents/batch_296.pkl
297,./batch_contents/batch_297.pkl
298,./batch_contents/batch_298.pkl
299,./batch_contents/batch_299.pkl
300,./batch_contents/batch_300.pkl
301,./batch_contents/batch_301.pkl
302,./batch_contents/batch_302.pkl
303,./batch_contents/batch_303.pkl
304,./batch_contents/batch_304.pkl
305,./batch_contents/batch_305.pkl
306,./batch_contents/batch_306.pkl
307,./batch_contents/batch_307.pkl
308,./batch_contents/batch_308.pkl
309,./batch_contents/batch_309.pkl
310,./batch_contents/batch_310.pkl
311,./batch_contents/batch_311.pkl
312,./batch_contents/batch_312.pkl
313,./batch_contents/batch_313.pkl
314,./batch_contents/batch_314.pkl
315,./batch_contents/batch_315.pkl
316,./batch_contents/batch_316.pkl
317,./batch_contents/batch_317.pkl
318,./batch_contents/batch_318.pkl
319,./batch_contents/batch_319.pkl
320,./batch_contents/batch_320.pkl
321,./batch_contents/batch_321.pkl
322,./batch_contents/batch_322.pkl
323,./batch_contents/batch_323.pkl
324,./batch_contents/batch_324.pkl
325,./batch_contents/batch_325.pkl
326,./batch_contents/batch_326.pkl
327,./batch_contents/batch_327.pkl
328,./batch_contents/batch_328.pkl
329,./batch_contents/batch_329.pkl
330,./batch_contents/batch_330.pkl
331,./batch_contents/batch_331.pkl
332,./batch_contents/batch_332.pkl
333,./batch_contents/batch_333.pkl
334,./batch_contents/batch_334.pkl
335,./batch_contents/batch_335.pkl
336,./batch_contents/batch_336.pkl
337,./batch_contents/batch_337.pkl
338,./batch_contents/batch_338.pkl
339,./batch_contents/batch_339.pkl
340,./batch_contents/batch_340.pkl
341,./batch_contents/batch_341.pkl
342,./batch_contents/batch_342.pkl
343,./batch_contents/batch_343.pkl
344,./batch_contents/batch_344.pkl
345,./batch_contents/batch_345.pkl
346,./batch_contents/batch_346.pkl
347,./batch_contents/batch_347.pkl
348,./batch_contents/batch_348.pkl
349,./batch_contents/batch_349.pkl
350,./batch_contents/batch_350.pkl
351,./batch_contents/batch_351.pkl
352,./batch_contents/batch_352.pkl
353,./batch_contents/batch_353.pkl
354,./batch_contents/batch_354.pkl
355,./batch_contents/batch_355.pkl
356,./batch_contents/batch_356.pkl
357,./batch_contents/batch_357.pkl
358,./batch_contents/batch_358.pkl
359,./batch_contents/batch_359.pkl
360,./batch_contents/batch_360.pkl
361,./batch_contents/batch_361.pkl
362,./batch_contents/batch_362.pkl
363,./batch_contents/batch_363.pkl
364,./batch_contents/batch_364.pkl
365,./batch_contents/batch_365.pkl
366,./batch_contents/batch_366.pkl
367,./batch_contents/batch_367.pkl
368,./batch_contents/batch_368.pkl
369,./batch_contents/batch_369.pkl
370,./batch_contents/batch_370.pkl
371,./batch_contents/batch_371.pkl
372,./batch_contents/batch_372.pkl
373,./batch_contents/batch_373.pkl
374,./batch_contents/batch_374.pkl
375,./batch_contents/batch_375.pkl
376,./batch_contents/batch_376.pkl
377,./batch_contents/batch_377.pkl
378,./batch_contents/batch_378.pkl
379,./batch_contents/batch_379.pkl
380,./batch_contents/batch_380.pkl
381,./batch_contents/batch_381.pkl
382,./batch_contents/batch_382.pkl
383,./batch_contents/batch_383.pkl
384,./batch_contents/batch_384.pkl
385,./batch_contents/batch_385.pkl
386,./batch_contents/batch_386.pkl
387,./batch_contents/batch_387.pkl
388,./batch_contents/batch_388.pkl
389,./batch_contents/batch_389.pkl
390,./batch_contents/batch_390.pkl
391,./batch_contents/batch_391.pkl
392,./batch_contents/batch_392.pkl
393,./batch_contents/batch_393.pkl
394,./batch_contents/batch_394.pkl
395,./batch_contents/batch_395.pkl
396,./batch_contents/batch_396.pkl
397,./batch_contents/batch_397.pkl
398,./batch_contents/batch_398.pkl
399,./batch_contents/batch_399.pkl
400,./batch_contents/batch_400.pkl
401,./batch_contents/batch_401.pkl
402,./batch_contents/batch_402.pkl
403,./batch_contents/batch_403.pkl
404,./batch_contents/batch_404.pkl
405,./batch_contents/batch_405.pkl
406,./batch_contents/batch_406.pkl
407,./batch_contents/batch_407.pkl
408,./batch_contents/batch_408.pkl
409,./batch_contents/batch_409.pkl
410,./batch_contents/batch_410.pkl
411,./batch_contents/batch_411.pkl
412,./batch_contents/batch_412.pkl
413,./batch_contents/batch_413.pkl
414,./batch_contents/batch_414.pkl
415,./batch_contents/batch_415.pkl
416,./batch_contents/batch_416.pkl
417,./batch_contents/batch_417.pkl
418,./batch_contents/batch_418.pkl
419,./batch_contents/batch_419.pkl
420,./batch_contents/batch_420.pkl
421,./batch_contents/batch_421.pkl
422,./batch_contents/batch_422.pkl
423,./batch_contents/batch_423.pkl
